"community_cards","current_street","encoded_actions","final_pot","final_stack","game_number","hand_name","hand_value","hole_cards","initial_seats","initial_stack","player_name","pot","round_count","street","uuid","win_rate","won_hand","action_1_type","action_1_amount","action_1_street","action_1_player","action_1_pot","action_1_bet_percentage","action_1_encoded_past_actions","action_2_type","action_2_amount","action_2_street","action_2_player","action_2_pot","action_2_bet_percentage","action_2_encoded_past_actions","action_3_type","action_3_amount","action_3_street","action_3_player","action_3_pot","action_3_bet_percentage","action_3_encoded_past_actions","action_4_type","action_4_amount","action_4_street","action_4_player","action_4_pot","action_4_bet_percentage","action_4_encoded_past_actions","action_5_type","action_5_amount","action_5_street","action_5_player","action_5_pot","action_5_bet_percentage","action_5_encoded_past_actions","action_6_type","action_6_amount","action_6_street","action_6_player","action_6_pot","action_6_bet_percentage","action_6_encoded_past_actions","action_7_type","action_7_amount","action_7_street","action_7_player","action_7_pot","action_7_bet_percentage","action_7_encoded_past_actions","action_8_type","action_8_amount","action_8_street","action_8_player","action_8_pot","action_8_bet_percentage","action_8_encoded_past_actions","action_9_type","action_9_amount","action_9_street","action_9_player","action_9_pot","action_9_bet_percentage","action_9_encoded_past_actions","action_10_type","action_10_amount","action_10_street","action_10_player","action_10_pot","action_10_bet_percentage","action_10_encoded_past_actions","action_11_type","action_11_amount","action_11_street","action_11_player","action_11_pot","action_11_bet_percentage","action_11_encoded_past_actions","action_12_type","action_12_amount","action_12_street","action_12_player","action_12_pot","action_12_bet_percentage","action_12_encoded_past_actions","action_13_type","action_13_amount","action_13_street","action_13_player","action_13_pot","action_13_bet_percentage","action_13_encoded_past_actions","action_14_type","action_14_amount","action_14_street","action_14_player","action_14_pot","action_14_bet_percentage","action_14_encoded_past_actions","action_15_type","action_15_amount","action_15_street","action_15_player","action_15_pot","action_15_bet_percentage","action_15_encoded_past_actions"
"","preflop","21300","20","990","1","","","H2,H3","[{'name': 'GTO_Player1', 'uuid': 'kfgfbuozuipbiyfcntdcns', 'stack': 990, 'state': 'participating'}, {'name': 'GTO_Player2', 'uuid': 'qmpidicxtnnhpdbkonabfg', 'stack': 995, 'state': 'participating'}]","1000","GTO_Player1","20","1","preflop","kfgfbuozuipbiyfcntdcns","0.34","0","call","10","preflop","qmpidicxtnnhpdbkonabfg","20","0.0","2130","fold","0","preflop","kfgfbuozuipbiyfcntdcns","20","0.0","21300","","","","","","","","","","","","","","","","","","","","","","","","","","","","","","","","","","","","","","","","","","","","","","","","","","","","","","","","","","","","","","","","","","","","","","","","","","","","","","","","","","","","","","","","","","",""
"","preflop","22460","40","990","1","","","H2,HJ","[{'name': 'GTO_Player1', 'uuid': 'dggkwbetenvkovouhhtrum', 'stack': 990, 'state': 'participating'}, {'name': 'GTO_Player2', 'uuid': 'uokvjluloojpmweilzgpss', 'stack': 995, 'state': 'participating'}]","1000","GTO_Player1","40","1","preflop","dggkwbetenvkovouhhtrum","0.54","0","raise","30","preflop","uokvjluloojpmweilzgpss","40","66.66666666666666","2246","fold","0","preflop","dggkwbetenvkovouhhtrum","40","0.0","22460","","","","","","","","","","","","","","","","","","","","","","","","","","","","","","","","","","","","","","","","","","","","","","","","","","","","","","","","","","","","","","","","","","","","","","","","","","","","","","","","","","","","","","","","","","",""
"","flop","216800","20","1010","1","","","S7,CQ","[{'name': 'GTO_Player1', 'uuid': 'eghgnigkwmmasyelssiltn', 'stack': 990, 'state': 'participating'}, {'name': 'GTO_Player2', 'uuid': 'rpgsvuzurmdwccupbthdwi', 'stack': 995, 'state': 'participating'}]","1000","GTO_Player1","20","1","preflop","eghgnigkwmmasyelssiltn","0.52","1","call","10","preflop","rpgsvuzurmdwccupbthdwi","20","0.0","2130","call","10","preflop","eghgnigkwmmasyelssiltn","20","0.0","21430","fold","0","flop","rpgsvuzurmdwccupbthdwi","20","0.0","216800","","","","","","","","","","","","","","","","","","","","","","","","","","","","","","","","","","","","","","","","","","","","","","","","","","","","","","","","","","","","","","","","","","","","","","","","","","","","","","","","","","","",""
"","preflop","2000","15","1005","1","","","","[{'name': 'GTO_Player1', 'uuid': 'ledhebqntkhjzwrokphgju', 'stack': 990, 'state': 'participating'}, {'name': 'GTO_Player2', 'uuid': 'cukjhdhpsbzobsmsplgtnu', 'stack': 995, 'state': 'participating'}]","1000","GTO_Player1","","1","","ledhebqntkhjzwrokphgju","","1","fold","0","preflop","cukjhdhpsbzobsmsplgtnu","15","0.0","2000","","","","","","","","","","","","","","","","","","","","","","","","","","","","","","","","","","","","","","","","","","","","","","","","","","","","","","","","","","","","","","","","","","","","","","","","","","","","","","","","","","","","","","","","","","","","","","","","","",""
"","preflop","2000","15","1005","1","","","","[{'name': 'GTO_Player1', 'uuid': 'nkrivxwlpsroynqmnpbopa', 'stack': 990, 'state': 'participating'}, {'name': 'GTO_Player2', 'uuid': 'pqrjiegmjdgcinlqwepzct', 'stack': 995, 'state': 'participating'}]","1000","GTO_Player1","","1","","nkrivxwlpsroynqmnpbopa","","1","fold","0","preflop","pqrjiegmjdgcinlqwepzct","15","0.0","2000","","","","","","","","","","","","","","","","","","","","","","","","","","","","","","","","","","","","","","","","","","","","","","","","","","","","","","","","","","","","","","","","","","","","","","","","","","","","","","","","","","","","","","","","","","","","","","","","","",""
"","flop","2178400","40","1020","1","","","S5,H6","[{'name': 'GTO_Player1', 'uuid': 'czulpyeslairfahfaakjvb', 'stack': 990, 'state': 'participating'}, {'name': 'GTO_Player2', 'uuid': 'lzkwxvgqngahbntedkobsb', 'stack': 995, 'state': 'participating'}]","1000","GTO_Player1","20","1","preflop","czulpyeslairfahfaakjvb","0.36","1","call","10","preflop","lzkwxvgqngahbntedkobsb","20","0.0","2130","raise","20","preflop","czulpyeslairfahfaakjvb","30","57.14285714285714","21545","call","20","preflop","lzkwxvgqngahbntedkobsb","40","0.0","217590","fold","0","flop","lzkwxvgqngahbntedkobsb","40","0.0","2178400","","","","","","","","","","","","","","","","","","","","","","","","","","","","","","","","","","","","","","","","","","","","","","","","","","","","","","","","","","","","","","","","","","","","","","","","","","","","",""
"","preflop","2000","15","1005","1","","","","[{'name': 'GTO_Player1', 'uuid': 'mrpkbnjlayeqqdtxhthkun', 'stack': 990, 'state': 'participating'}, {'name': 'GTO_Player2', 'uuid': 'rldbdwdxkkdypposomceiu', 'stack': 995, 'state': 'participating'}]","1000","GTO_Player1","","1","","mrpkbnjlayeqqdtxhthkun","","1","fold","0","preflop","rldbdwdxkkdypposomceiu","15","0.0","2000","","","","","","","","","","","","","","","","","","","","","","","","","","","","","","","","","","","","","","","","","","","","","","","","","","","","","","","","","","","","","","","","","","","","","","","","","","","","","","","","","","","","","","","","","","","","","","","","","",""
"","preflop","2000","15","1005","1","","","","[{'name': 'GTO_Player1', 'uuid': 'qmkexkxxnkqpfmzqatqtvy', 'stack': 990, 'state': 'participating'}, {'name': 'GTO_Player2', 'uuid': 'fsibanyvucrmfpovqhchrf', 'stack': 995, 'state': 'participating'}]","1000","GTO_Player1","","1","","qmkexkxxnkqpfmzqatqtvy","","1","fold","0","preflop","fsibanyvucrmfpovqhchrf","15","0.0","2000","","","","","","","","","","","","","","","","","","","","","","","","","","","","","","","","","","","","","","","","","","","","","","","","","","","","","","","","","","","","","","","","","","","","","","","","","","","","","","","","","","","","","","","","","","","","","","","","","",""
"","preflop","2000","15","1005","1","","","","[{'name': 'GTO_Player1', 'uuid': 'zczywhejfulbcdbkjjeexw', 'stack': 990, 'state': 'participating'}, {'name': 'GTO_Player2', 'uuid': 'rpjospigvyssussimnmixx', 'stack': 995, 'state': 'participating'}]","1000","GTO_Player1","","1","","zczywhejfulbcdbkjjeexw","","1","fold","0","preflop","rpjospigvyssussimnmixx","15","0.0","2000","","","","","","","","","","","","","","","","","","","","","","","","","","","","","","","","","","","","","","","","","","","","","","","","","","","","","","","","","","","","","","","","","","","","","","","","","","","","","","","","","","","","","","","","","","","","","","","","","",""
"","preflop","2000","15","1005","1","","","","[{'name': 'GTO_Player1', 'uuid': 'sribjawxljsulipeivrqxn', 'stack': 990, 'state': 'participating'}, {'name': 'GTO_Player2', 'uuid': 'urokzhfizjrphglywhwjcu', 'stack': 995, 'state': 'participating'}]","1000","GTO_Player1","","1","","sribjawxljsulipeivrqxn","","1","fold","0","preflop","urokzhfizjrphglywhwjcu","15","0.0","2000","","","","","","","","","","","","","","","","","","","","","","","","","","","","","","","","","","","","","","","","","","","","","","","","","","","","","","","","","","","","","","","","","","","","","","","","","","","","","","","","","","","","","","","","","","","","","","","","","",""
"","preflop","21300","20","990","1","","","C6,D3","[{'name': 'GTO_Player1', 'uuid': 'cituorbnmyurzmsjuosalr', 'stack': 990, 'state': 'participating'}, {'name': 'GTO_Player2', 'uuid': 'pcgqmctrzzylumgelmncle', 'stack': 995, 'state': 'participating'}]","1000","GTO_Player1","20","1","preflop","cituorbnmyurzmsjuosalr","0.29","0","call","10","preflop","pcgqmctrzzylumgelmncle","20","0.0","2130","fold","0","preflop","cituorbnmyurzmsjuosalr","20","0.0","21300","","","","","","","","","","","","","","","","","","","","","","","","","","","","","","","","","","","","","","","","","","","","","","","","","","","","","","","","","","","","","","","","","","","","","","","","","","","","","","","","","","","","","","","","","","",""
"","preflop","2000","15","1005","1","","","","[{'name': 'GTO_Player1', 'uuid': 'fgdylbjtmbiyllilzdwccx', 'stack': 990, 'state': 'participating'}, {'name': 'GTO_Player2', 'uuid': 'qqlvkfainbtfxhcuxkusow', 'stack': 995, 'state': 'participating'}]","1000","GTO_Player1","","1","","fgdylbjtmbiyllilzdwccx","","1","fold","0","preflop","qqlvkfainbtfxhcuxkusow","15","0.0","2000","","","","","","","","","","","","","","","","","","","","","","","","","","","","","","","","","","","","","","","","","","","","","","","","","","","","","","","","","","","","","","","","","","","","","","","","","","","","","","","","","","","","","","","","","","","","","","","","","",""
"","preflop","2000","15","1005","1","","","","[{'name': 'GTO_Player1', 'uuid': 'knygwuxnekbzqrbjbuozcn', 'stack': 990, 'state': 'participating'}, {'name': 'GTO_Player2', 'uuid': 'lmxatmkivspdlwbbcxnfvu', 'stack': 995, 'state': 'participating'}]","1000","GTO_Player1","","1","","knygwuxnekbzqrbjbuozcn","","1","fold","0","preflop","lmxatmkivspdlwbbcxnfvu","15","0.0","2000","","","","","","","","","","","","","","","","","","","","","","","","","","","","","","","","","","","","","","","","","","","","","","","","","","","","","","","","","","","","","","","","","","","","","","","","","","","","","","","","","","","","","","","","","","","","","","","","","",""
"","preflop","2000","15","1005","1","","","","[{'name': 'GTO_Player1', 'uuid': 'kwqjbgvotjwxgueqqfhyll', 'stack': 990, 'state': 'participating'}, {'name': 'GTO_Player2', 'uuid': 'hswkpsrgeavebcpjncivpy', 'stack': 995, 'state': 'participating'}]","1000","GTO_Player1","","1","","kwqjbgvotjwxgueqqfhyll","","1","fold","0","preflop","hswkpsrgeavebcpjncivpy","15","0.0","2000","","","","","","","","","","","","","","","","","","","","","","","","","","","","","","","","","","","","","","","","","","","","","","","","","","","","","","","","","","","","","","","","","","","","","","","","","","","","","","","","","","","","","","","","","","","","","","","","","",""
"","preflop","2000","15","1005","1","","","","[{'name': 'GTO_Player1', 'uuid': 'ryoyqyahtgffxfluqjorny', 'stack': 990, 'state': 'participating'}, {'name': 'GTO_Player2', 'uuid': 'zirxvhcltxiyvokrglkzgm', 'stack': 995, 'state': 'participating'}]","1000","GTO_Player1","","1","","ryoyqyahtgffxfluqjorny","","1","fold","0","preflop","zirxvhcltxiyvokrglkzgm","15","0.0","2000","","","","","","","","","","","","","","","","","","","","","","","","","","","","","","","","","","","","","","","","","","","","","","","","","","","","","","","","","","","","","","","","","","","","","","","","","","","","","","","","","","","","","","","","","","","","","","","","","",""
"","preflop","21300","20","990","1","","","C7,D3","[{'name': 'GTO_Player1', 'uuid': 'unwnvzsocywklodrghtcob', 'stack': 990, 'state': 'participating'}, {'name': 'GTO_Player2', 'uuid': 'boqslhppqxvwuuqvgghmon', 'stack': 995, 'state': 'participating'}]","1000","GTO_Player1","20","1","preflop","unwnvzsocywklodrghtcob","0.3","0","call","10","preflop","boqslhppqxvwuuqvgghmon","20","0.0","2130","fold","0","preflop","unwnvzsocywklodrghtcob","20","0.0","21300","","","","","","","","","","","","","","","","","","","","","","","","","","","","","","","","","","","","","","","","","","","","","","","","","","","","","","","","","","","","","","","","","","","","","","","","","","","","","","","","","","","","","","","","","","",""
"","preflop","22460","40","990","1","","","C2,D9","[{'name': 'GTO_Player1', 'uuid': 'htoklnurhtulewwzyxgqkh', 'stack': 990, 'state': 'participating'}, {'name': 'GTO_Player2', 'uuid': 'rrqnjmlnerdidprkecxflx', 'stack': 995, 'state': 'participating'}]","1000","GTO_Player1","40","1","preflop","htoklnurhtulewwzyxgqkh","0.31","0","raise","30","preflop","rrqnjmlnerdidprkecxflx","40","66.66666666666666","2246","fold","0","preflop","htoklnurhtulewwzyxgqkh","40","0.0","22460","","","","","","","","","","","","","","","","","","","","","","","","","","","","","","","","","","","","","","","","","","","","","","","","","","","","","","","","","","","","","","","","","","","","","","","","","","","","","","","","","","","","","","","","","","",""
"HJ,S8,CK,DQ,CT","river","22885431740","1080","730","1","","","HA,C3","[{'name': 'GTO_Player1', 'uuid': 'ziogmdgklatttyaefzzfxr', 'stack': 990, 'state': 'participating'}, {'name': 'GTO_Player2', 'uuid': 'ozwucexviittvysrhxllqp', 'stack': 995, 'state': 'participating'}]","1000","GTO_Player1","1080","1","river","ziogmdgklatttyaefzzfxr","0.94","0","raise","30","preflop","ozwucexviittvysrhxllqp","40","66.66666666666666","2246","call","30","preflop","ziogmdgklatttyaefzzfxr","60","0.0","22600","raise","60","flop","ozwucexviittvysrhxllqp","120","50.0","228755","call","60","flop","ziogmdgklatttyaefzzfxr","180","0.0","2288200","raise","180","turn","ozwucexviittvysrhxllqp","360","50.0","22885275","call","180","turn","ziogmdgklatttyaefzzfxr","540","0.0","228853920","raise","540","river","ozwucexviittvysrhxllqp","1080","50.0","2288542995","raise","-1","river","ziogmdgklatttyaefzzfxr","1080","0.0","22885431740","","","","","","","","","","","","","","","","","","","","","","","","","","","","","","","","","","","","","","","","","","","","","","","","",""
"D9,H9,CK","flop","415331314120","1670","1670","1","","","S9,DT","[{'name': 'GTO_Player1', 'uuid': 'vcimfwjmubhkiaxyovesgk', 'stack': 990, 'state': 'participating'}, {'name': 'GTO_Player2', 'uuid': 'jxlbpxlypiuqiepyhpcgcm', 'stack': 995, 'state': 'participating'}]","1000","GTO_Player1","1080","1","flop","vcimfwjmubhkiaxyovesgk","0.97","1","call","10","preflop","jxlbpxlypiuqiepyhpcgcm","20","0.0","2130","call","10","preflop","vcimfwjmubhkiaxyovesgk","20","0.0","21430","raise","20","flop","jxlbpxlypiuqiepyhpcgcm","40","100.0","217049","raise","40","flop","vcimfwjmubhkiaxyovesgk","80","66.66666666666666","2171246","raise","80","flop","jxlbpxlypiuqiepyhpcgcm","140","57.14285714285714","21715225","raise","140","flop","vcimfwjmubhkiaxyovesgk","240","50.0","217153025","raise","240","flop","jxlbpxlypiuqiepyhpcgcm","400","46.15384615384615","2171533024","raise","400","flop","vcimfwjmubhkiaxyovesgk","660","43.47826086956522","21715331024","raise","660","flop","jxlbpxlypiuqiepyhpcgcm","1080","41.77215189873418","217153313034","raise","990","flop","vcimfwjmubhkiaxyovesgk","1670","38.52140077821012","2171533131133","raise","-1","flop","jxlbpxlypiuqiepyhpcgcm","1670","0.0","415331314120","","","","","","","","","","","","","","","","","","","","","","","","","","","",""
"","flop","2295500","100","1050","1","","","C4,C3","[{'name': 'GTO_Player1', 'uuid': 'guxkbmbgmupolluciocyoj', 'stack': 990, 'state': 'participating'}, {'name': 'GTO_Player2', 'uuid': 'xhergsntkyoybdfrhkidig', 'stack': 995, 'state': 'participating'}]","1000","GTO_Player1","40","1","preflop","guxkbmbgmupolluciocyoj","0.32","1","raise","30","preflop","xhergsntkyoybdfrhkidig","40","66.66666666666666","2246","raise","50","preflop","guxkbmbgmupolluciocyoj","80","52.63157894736842","22715","call","50","preflop","xhergsntkyoybdfrhkidig","100","0.0","229300","fold","0","flop","xhergsntkyoybdfrhkidig","100","0.0","2295500","","","","","","","","","","","","","","","","","","","","","","","","","","","","","","","","","","","","","","","","","","","","","","","","","","","","","","","","","","","","","","","","","","","","","","","","","","","","",""
"","preflop","21300","20","990","1","","","D2,S9","[{'name': 'GTO_Player1', 'uuid': 'vxnlnjnejrufxxdlkinqdo', 'stack': 990, 'state': 'participating'}, {'name': 'GTO_Player2', 'uuid': 'lrfjhilvgyqqaazkfbcufc', 'stack': 995, 'state': 'participating'}]","1000","GTO_Player1","20","1","preflop","vxnlnjnejrufxxdlkinqdo","0.44","0","call","10","preflop","lrfjhilvgyqqaazkfbcufc","20","0.0","2130","fold","0","preflop","vxnlnjnejrufxxdlkinqdo","20","0.0","21300","","","","","","","","","","","","","","","","","","","","","","","","","","","","","","","","","","","","","","","","","","","","","","","","","","","","","","","","","","","","","","","","","","","","","","","","","","","","","","","","","","","","","","","","","","",""
"","preflop","21300","20","990","1","","","HJ,C6","[{'name': 'GTO_Player1', 'uuid': 'tmmktziaowrqxvqakurstc', 'stack': 990, 'state': 'participating'}, {'name': 'GTO_Player2', 'uuid': 'othpnstfjqetqvmpgyjccv', 'stack': 995, 'state': 'participating'}]","1000","GTO_Player1","20","1","preflop","tmmktziaowrqxvqakurstc","0.52","0","call","10","preflop","othpnstfjqetqvmpgyjccv","20","0.0","2130","fold","0","preflop","tmmktziaowrqxvqakurstc","20","0.0","21300","","","","","","","","","","","","","","","","","","","","","","","","","","","","","","","","","","","","","","","","","","","","","","","","","","","","","","","","","","","","","","","","","","","","","","","","","","","","","","","","","","","","","","","","","","",""
"","preflop","2000","15","1005","1","","","","[{'name': 'GTO_Player1', 'uuid': 'auoqyrsrajnugmwlnemeia', 'stack': 990, 'state': 'participating'}, {'name': 'GTO_Player2', 'uuid': 'fbwfbwmlrnhcgnucgsbzba', 'stack': 995, 'state': 'participating'}]","1000","GTO_Player1","","1","","auoqyrsrajnugmwlnemeia","","1","fold","0","preflop","fbwfbwmlrnhcgnucgsbzba","15","0.0","2000","","","","","","","","","","","","","","","","","","","","","","","","","","","","","","","","","","","","","","","","","","","","","","","","","","","","","","","","","","","","","","","","","","","","","","","","","","","","","","","","","","","","","","","","","","","","","","","","","",""
"DJ,DQ,H2,C7,D7","river","21713598300","248","876","1","","","DK,C8","[{'name': 'GTO_Player1', 'uuid': 'kwjxevvtljdxznnhyzrkgp', 'stack': 990, 'state': 'participating'}, {'name': 'GTO_Player2', 'uuid': 'xnpnxpdomomcitfxahozuy', 'stack': 995, 'state': 'participating'}]","1000","GTO_Player1","177","1","river","kwjxevvtljdxznnhyzrkgp","0.37","0","call","10","preflop","xnpnxpdomomcitfxahozuy","20","0.0","2130","call","10","preflop","kwjxevvtljdxznnhyzrkgp","20","0.0","21430","raise","13","flop","xnpnxpdomomcitfxahozuy","33","100.0","217039","call","13","flop","kwjxevvtljdxznnhyzrkgp","46","0.0","2171020","raise","30","turn","xnpnxpdomomcitfxahozuy","76","53.57142857142857","21713445","call","30","turn","kwjxevvtljdxznnhyzrkgp","106","0.0","217135590","raise","71","river","xnpnxpdomomcitfxahozuy","177","45.22292993630573","2171359664","call","71","river","kwjxevvtljdxznnhyzrkgp","248","0.0","21713598300","","","","","","","","","","","","","","","","","","","","","","","","","","","","","","","","","","","","","","","","","","","","","","","","",""
"","preflop","2000","15","1005","1","","","","[{'name': 'GTO_Player1', 'uuid': 'xpsmeaomnsadgzpffetnbx', 'stack': 990, 'state': 'participating'}, {'name': 'GTO_Player2', 'uuid': 'tbvmxvyhckzrupjcnhhqkm', 'stack': 995, 'state': 'participating'}]","1000","GTO_Player1","","1","","xpsmeaomnsadgzpffetnbx","","1","fold","0","preflop","tbvmxvyhckzrupjcnhhqkm","15","0.0","2000","","","","","","","","","","","","","","","","","","","","","","","","","","","","","","","","","","","","","","","","","","","","","","","","","","","","","","","","","","","","","","","","","","","","","","","","","","","","","","","","","","","","","","","","","","","","","","","","","",""
"","preflop","2000","15","1005","1","","","","[{'name': 'GTO_Player1', 'uuid': 'vqrwndvlezwksllxvlqxck', 'stack': 990, 'state': 'participating'}, {'name': 'GTO_Player2', 'uuid': 'ewvjpbladkrjkojooqhnvc', 'stack': 995, 'state': 'participating'}]","1000","GTO_Player1","","1","","vqrwndvlezwksllxvlqxck","","1","fold","0","preflop","ewvjpbladkrjkojooqhnvc","15","0.0","2000","","","","","","","","","","","","","","","","","","","","","","","","","","","","","","","","","","","","","","","","","","","","","","","","","","","","","","","","","","","","","","","","","","","","","","","","","","","","","","","","","","","","","","","","","","","","","","","","","",""
"","preflop","2000","15","1005","1","","","","[{'name': 'GTO_Player1', 'uuid': 'mnketeevnzbtcvhahspjdg', 'stack': 990, 'state': 'participating'}, {'name': 'GTO_Player2', 'uuid': 'bmxzyverilpjsnmnmmbjcd', 'stack': 995, 'state': 'participating'}]","1000","GTO_Player1","","1","","mnketeevnzbtcvhahspjdg","","1","fold","0","preflop","bmxzyverilpjsnmnmmbjcd","15","0.0","2000","","","","","","","","","","","","","","","","","","","","","","","","","","","","","","","","","","","","","","","","","","","","","","","","","","","","","","","","","","","","","","","","","","","","","","","","","","","","","","","","","","","","","","","","","","","","","","","","","",""
"","flop","216800","20","1010","1","","","ST,CA","[{'name': 'GTO_Player1', 'uuid': 'vesfaqlvrtanppokjhopoi', 'stack': 990, 'state': 'participating'}, {'name': 'GTO_Player2', 'uuid': 'ynlhozcviiwnjifvdantub', 'stack': 995, 'state': 'participating'}]","1000","GTO_Player1","20","1","preflop","vesfaqlvrtanppokjhopoi","0.64","1","call","10","preflop","ynlhozcviiwnjifvdantub","20","0.0","2130","call","10","preflop","vesfaqlvrtanppokjhopoi","20","0.0","21430","fold","0","flop","ynlhozcviiwnjifvdantub","20","0.0","216800","","","","","","","","","","","","","","","","","","","","","","","","","","","","","","","","","","","","","","","","","","","","","","","","","","","","","","","","","","","","","","","","","","","","","","","","","","","","","","","","","","","",""
"","preflop","2000","15","1005","1","","","","[{'name': 'GTO_Player1', 'uuid': 'cxenpcnycqbhqrncvixcmd', 'stack': 990, 'state': 'participating'}, {'name': 'GTO_Player2', 'uuid': 'cvhomavwurddxtwgxajwnf', 'stack': 995, 'state': 'participating'}]","1000","GTO_Player1","","1","","cxenpcnycqbhqrncvixcmd","","1","fold","0","preflop","cvhomavwurddxtwgxajwnf","15","0.0","2000","","","","","","","","","","","","","","","","","","","","","","","","","","","","","","","","","","","","","","","","","","","","","","","","","","","","","","","","","","","","","","","","","","","","","","","","","","","","","","","","","","","","","","","","","","","","","","","","","",""
"H7,S6,C8","flop","436920212910","1664","1735","1","","","SQ,S8","[{'name': 'GTO_Player1', 'uuid': 'xownaenyxwvafmutencyzp', 'stack': 990, 'state': 'participating'}, {'name': 'GTO_Player2', 'uuid': 'kwfagvdvoxvqadrapfkeqp', 'stack': 995, 'state': 'participating'}]","1000","GTO_Player1","1312","1","flop","xownaenyxwvafmutencyzp","0.67","1","call","10","preflop","kwfagvdvoxvqadrapfkeqp","20","0.0","2130","raise","30","preflop","xownaenyxwvafmutencyzp","40","66.66666666666666","21546","raise","50","preflop","kwfagvdvoxvqadrapfkeqp","80","52.63157894736842","217715","call","50","preflop","xownaenyxwvafmutencyzp","100","0.0","2177300","raise","67","flop","kwfagvdvoxvqadrapfkeqp","167","34.01015228426396","21775763","raise","134","flop","xownaenyxwvafmutencyzp","301","40.483383685800604","217758404","raise","201","flop","kwfagvdvoxvqadrapfkeqp","435","37.78195488721804","2177586813","raise","291","flop","xownaenyxwvafmutencyzp","592","35.358444714459296","21775868913","raise","396","flop","kwfagvdvoxvqadrapfkeqp","787","32.4856439704676","217758691913","raise","527","flop","xownaenyxwvafmutencyzp","1023","30.18327605956472","2177586919923","raise","685","flop","kwfagvdvoxvqadrapfkeqp","1312","28.177704648292885","475869202022","raise","879","flop","xownaenyxwvafmutencyzp","1664","26.555891238670693","2298692021012","raise","-1","flop","kwfagvdvoxvqadrapfkeqp","1664","0.0","436920212910","","","","","","","","","","","","","",""
"","flop","216800","20","1010","1","","","DJ,H7","[{'name': 'GTO_Player1', 'uuid': 'zdwwqbtlcokxbnyzdcyewf', 'stack': 990, 'state': 'participating'}, {'name': 'GTO_Player2', 'uuid': 'rxjgzspriqojeitakjkzbh', 'stack': 995, 'state': 'participating'}]","1000","GTO_Player1","20","1","preflop","zdwwqbtlcokxbnyzdcyewf","0.5","1","call","10","preflop","rxjgzspriqojeitakjkzbh","20","0.0","2130","call","10","preflop","zdwwqbtlcokxbnyzdcyewf","20","0.0","21430","fold","0","flop","rxjgzspriqojeitakjkzbh","20","0.0","216800","","","","","","","","","","","","","","","","","","","","","","","","","","","","","","","","","","","","","","","","","","","","","","","","","","","","","","","","","","","","","","","","","","","","","","","","","","","","","","","","","","","",""
"DK,S5,SK,H4,S2","river","2171471092950","1260","550","1","","","HQ,D6","[{'name': 'GTO_Player1', 'uuid': 'mvcxkemplvxdjnofqrjwrm', 'stack': 990, 'state': 'participating'}, {'name': 'GTO_Player2', 'uuid': 'bdauwddlttclcvxzheoyja', 'stack': 995, 'state': 'participating'}]","1000","GTO_Player1","1260","1","river","mvcxkemplvxdjnofqrjwrm","0.23","0","call","10","preflop","bdauwddlttclcvxzheoyja","20","0.0","2130","call","10","preflop","mvcxkemplvxdjnofqrjwrm","20","0.0","21430","raise","20","flop","bdauwddlttclcvxzheoyja","40","100.0","217049","call","20","flop","mvcxkemplvxdjnofqrjwrm","60","0.0","2171130","raise","60","turn","bdauwddlttclcvxzheoyja","120","60.0","21714556","call","60","turn","mvcxkemplvxdjnofqrjwrm","180","0.0","217146710","raise","180","river","bdauwddlttclcvxzheoyja","360","52.94117647058824","2171470875","raise","360","river","mvcxkemplvxdjnofqrjwrm","720","51.42857142857142","21714710535","raise","720","river","bdauwddlttclcvxzheoyja","1260","50.70422535211267","217147109145","fold","0","river","mvcxkemplvxdjnofqrjwrm","1260","0.0","2171471092950","","","","","","","","","","","","","","","","","","","","","","","","","","","","","","","","","","",""
"","preflop","2000","15","1005","1","","","","[{'name': 'GTO_Player1', 'uuid': 'yljsuxipvkzjwhyqquejpi', 'stack': 990, 'state': 'participating'}, {'name': 'GTO_Player2', 'uuid': 'nfrrgxxhgjkfegpsungbmr', 'stack': 995, 'state': 'participating'}]","1000","GTO_Player1","","1","","yljsuxipvkzjwhyqquejpi","","1","fold","0","preflop","nfrrgxxhgjkfegpsungbmr","15","0.0","2000","","","","","","","","","","","","","","","","","","","","","","","","","","","","","","","","","","","","","","","","","","","","","","","","","","","","","","","","","","","","","","","","","","","","","","","","","","","","","","","","","","","","","","","","","","","","","","","","","",""
"","preflop","2000","15","1005","1","","","","[{'name': 'GTO_Player1', 'uuid': 'ienqaqoeucwpsrtghidfuj', 'stack': 990, 'state': 'participating'}, {'name': 'GTO_Player2', 'uuid': 'whjhvsfbbcfdakclrldtiq', 'stack': 995, 'state': 'participating'}]","1000","GTO_Player1","","1","","ienqaqoeucwpsrtghidfuj","","1","fold","0","preflop","whjhvsfbbcfdakclrldtiq","15","0.0","2000","","","","","","","","","","","","","","","","","","","","","","","","","","","","","","","","","","","","","","","","","","","","","","","","","","","","","","","","","","","","","","","","","","","","","","","","","","","","","","","","","","","","","","","","","","","","","","","","","",""
"","preflop","2000","15","1005","1","","","","[{'name': 'GTO_Player1', 'uuid': 'xlxdespfwpusizjsqowwam', 'stack': 990, 'state': 'participating'}, {'name': 'GTO_Player2', 'uuid': 'cawlheufrlolqlgcdzpiui', 'stack': 995, 'state': 'participating'}]","1000","GTO_Player1","","1","","xlxdespfwpusizjsqowwam","","1","fold","0","preflop","cawlheufrlolqlgcdzpiui","15","0.0","2000","","","","","","","","","","","","","","","","","","","","","","","","","","","","","","","","","","","","","","","","","","","","","","","","","","","","","","","","","","","","","","","","","","","","","","","","","","","","","","","","","","","","","","","","","","","","","","","","","",""
"","preflop","2000","15","1005","1","","","","[{'name': 'GTO_Player1', 'uuid': 'sbvjugljmtgfcblbfaggpb', 'stack': 990, 'state': 'participating'}, {'name': 'GTO_Player2', 'uuid': 'irnsfiztqoscuabnrppoui', 'stack': 995, 'state': 'participating'}]","1000","GTO_Player1","","1","","sbvjugljmtgfcblbfaggpb","","1","fold","0","preflop","irnsfiztqoscuabnrppoui","15","0.0","2000","","","","","","","","","","","","","","","","","","","","","","","","","","","","","","","","","","","","","","","","","","","","","","","","","","","","","","","","","","","","","","","","","","","","","","","","","","","","","","","","","","","","","","","","","","","","","","","","","",""
"","preflop","2000","15","1005","1","","","","[{'name': 'GTO_Player1', 'uuid': 'hbqgjiliorkydzwexizorz', 'stack': 990, 'state': 'participating'}, {'name': 'GTO_Player2', 'uuid': 'jjijggqojuyxawcfhpcbij', 'stack': 995, 'state': 'participating'}]","1000","GTO_Player1","","1","","hbqgjiliorkydzwexizorz","","1","fold","0","preflop","jjijggqojuyxawcfhpcbij","15","0.0","2000","","","","","","","","","","","","","","","","","","","","","","","","","","","","","","","","","","","","","","","","","","","","","","","","","","","","","","","","","","","","","","","","","","","","","","","","","","","","","","","","","","","","","","","","","","","","","","","","","",""
"","flop","216800","20","1010","1","","","C2,HK","[{'name': 'GTO_Player1', 'uuid': 'zuaagztvnnvsbynrbwpelw', 'stack': 990, 'state': 'participating'}, {'name': 'GTO_Player2', 'uuid': 'yfxomcljeexpoznywsysnz', 'stack': 995, 'state': 'participating'}]","1000","GTO_Player1","20","1","preflop","zuaagztvnnvsbynrbwpelw","0.55","1","call","10","preflop","yfxomcljeexpoznywsysnz","20","0.0","2130","call","10","preflop","zuaagztvnnvsbynrbwpelw","20","0.0","21430","fold","0","flop","yfxomcljeexpoznywsysnz","20","0.0","216800","","","","","","","","","","","","","","","","","","","","","","","","","","","","","","","","","","","","","","","","","","","","","","","","","","","","","","","","","","","","","","","","","","","","","","","","","","","","","","","","","","","",""
"H4,H6,C4","flop","2170890","33","990","1","","","DJ,D5","[{'name': 'GTO_Player1', 'uuid': 'rhbweitmaknoxtkfgibbar', 'stack': 990, 'state': 'participating'}, {'name': 'GTO_Player2', 'uuid': 'plnsrxvazencehpyogfuxu', 'stack': 995, 'state': 'participating'}]","1000","GTO_Player1","33","1","flop","rhbweitmaknoxtkfgibbar","0.33","0","call","10","preflop","plnsrxvazencehpyogfuxu","20","0.0","2130","call","10","preflop","rhbweitmaknoxtkfgibbar","20","0.0","21430","raise","13","flop","plnsrxvazencehpyogfuxu","33","100.0","217039","fold","0","flop","rhbweitmaknoxtkfgibbar","33","0.0","2170890","","","","","","","","","","","","","","","","","","","","","","","","","","","","","","","","","","","","","","","","","","","","","","","","","","","","","","","","","","","","","","","","","","","","","","","","","","","","",""
"","preflop","2000","15","1005","1","","","","[{'name': 'GTO_Player1', 'uuid': 'hfiloeckdugedvflcvwxsm', 'stack': 990, 'state': 'participating'}, {'name': 'GTO_Player2', 'uuid': 'pqspiwkyjllelhkmjfwrvr', 'stack': 995, 'state': 'participating'}]","1000","GTO_Player1","","1","","hfiloeckdugedvflcvwxsm","","1","fold","0","preflop","pqspiwkyjllelhkmjfwrvr","15","0.0","2000","","","","","","","","","","","","","","","","","","","","","","","","","","","","","","","","","","","","","","","","","","","","","","","","","","","","","","","","","","","","","","","","","","","","","","","","","","","","","","","","","","","","","","","","","","","","","","","","","",""
"","preflop","2000","15","1005","1","","","","[{'name': 'GTO_Player1', 'uuid': 'ultrwvyjcsmznuznuoytgl', 'stack': 990, 'state': 'participating'}, {'name': 'GTO_Player2', 'uuid': 'aygckoeornmbgnihtjqdkb', 'stack': 995, 'state': 'participating'}]","1000","GTO_Player1","","1","","ultrwvyjcsmznuznuoytgl","","1","fold","0","preflop","aygckoeornmbgnihtjqdkb","15","0.0","2000","","","","","","","","","","","","","","","","","","","","","","","","","","","","","","","","","","","","","","","","","","","","","","","","","","","","","","","","","","","","","","","","","","","","","","","","","","","","","","","","","","","","","","","","","","","","","","","","","",""
"","preflop","2000","15","1005","1","","","","[{'name': 'GTO_Player1', 'uuid': 'auxyuqqdihjhxtdjdqlkkm', 'stack': 990, 'state': 'participating'}, {'name': 'GTO_Player2', 'uuid': 'watwgrwpxqnxwiafpirrtn', 'stack': 995, 'state': 'participating'}]","1000","GTO_Player1","","1","","auxyuqqdihjhxtdjdqlkkm","","1","fold","0","preflop","watwgrwpxqnxwiafpirrtn","15","0.0","2000","","","","","","","","","","","","","","","","","","","","","","","","","","","","","","","","","","","","","","","","","","","","","","","","","","","","","","","","","","","","","","","","","","","","","","","","","","","","","","","","","","","","","","","","","","","","","","","","","",""
"","preflop","217450","30","1010","1","","","HT,H2","[{'name': 'GTO_Player1', 'uuid': 'htnewzajgzurqmhjndciwl', 'stack': 990, 'state': 'participating'}, {'name': 'GTO_Player2', 'uuid': 'zqkzndnypftnmvlrxmbslw', 'stack': 995, 'state': 'participating'}]","1000","GTO_Player1","20","1","preflop","htnewzajgzurqmhjndciwl","0.43","1","call","10","preflop","zqkzndnypftnmvlrxmbslw","20","0.0","2130","raise","20","preflop","htnewzajgzurqmhjndciwl","30","57.14285714285714","21545","fold","0","preflop","zqkzndnypftnmvlrxmbslw","30","0.0","217450","","","","","","","","","","","","","","","","","","","","","","","","","","","","","","","","","","","","","","","","","","","","","","","","","","","","","","","","","","","","","","","","","","","","","","","","","","","","","","","","","","","",""
"SJ,HQ,C3,SA","turn","21714716250","420","850","1","","","D9,H7","[{'name': 'GTO_Player1', 'uuid': 'fddxwpmibtrhojdbxawydc', 'stack': 990, 'state': 'participating'}, {'name': 'GTO_Player2', 'uuid': 'jqrhdvksoxrikverxtsgdj', 'stack': 995, 'state': 'participating'}]","1000","GTO_Player1","420","1","turn","fddxwpmibtrhojdbxawydc","0.3","0","call","10","preflop","jqrhdvksoxrikverxtsgdj","20","0.0","2130","call","10","preflop","fddxwpmibtrhojdbxawydc","20","0.0","21430","raise","20","flop","jqrhdvksoxrikverxtsgdj","40","100.0","217049","call","20","flop","fddxwpmibtrhojdbxawydc","60","0.0","2171130","raise","60","turn","jqrhdvksoxrikverxtsgdj","120","60.0","21714556","raise","120","turn","fddxwpmibtrhojdbxawydc","240","54.54545454545454","217146825","raise","240","turn","jqrhdvksoxrikverxtsgdj","420","52.17391304347826","2171471525","fold","0","turn","fddxwpmibtrhojdbxawydc","420","0.0","21714716250","","","","","","","","","","","","","","","","","","","","","","","","","","","","","","","","","","","","","","","","","","","","","","","","",""
"","preflop","2000","15","1005","1","","","","[{'name': 'GTO_Player1', 'uuid': 'aahausvypiuheymyjkivvp', 'stack': 990, 'state': 'participating'}, {'name': 'GTO_Player2', 'uuid': 'bskyvafultyvghlmirhigs', 'stack': 995, 'state': 'participating'}]","1000","GTO_Player1","","1","","aahausvypiuheymyjkivvp","","1","fold","0","preflop","bskyvafultyvghlmirhigs","15","0.0","2000","","","","","","","","","","","","","","","","","","","","","","","","","","","","","","","","","","","","","","","","","","","","","","","","","","","","","","","","","","","","","","","","","","","","","","","","","","","","","","","","","","","","","","","","","","","","","","","","","",""
"","preflop","2000","15","1005","1","","","","[{'name': 'GTO_Player1', 'uuid': 'cytdkulfrlfjqqjyhtoaoa', 'stack': 990, 'state': 'participating'}, {'name': 'GTO_Player2', 'uuid': 'zqcyummpaqxclpirfgysjo', 'stack': 995, 'state': 'participating'}]","1000","GTO_Player1","","1","","cytdkulfrlfjqqjyhtoaoa","","1","fold","0","preflop","zqcyummpaqxclpirfgysjo","15","0.0","2000","","","","","","","","","","","","","","","","","","","","","","","","","","","","","","","","","","","","","","","","","","","","","","","","","","","","","","","","","","","","","","","","","","","","","","","","","","","","","","","","","","","","","","","","","","","","","","","","","",""
"","preflop","2000","15","1005","1","","","","[{'name': 'GTO_Player1', 'uuid': 'hxqdshaviyzumfcochwgls', 'stack': 990, 'state': 'participating'}, {'name': 'GTO_Player2', 'uuid': 'xxrkamlcpwgclbnmifvxij', 'stack': 995, 'state': 'participating'}]","1000","GTO_Player1","","1","","hxqdshaviyzumfcochwgls","","1","fold","0","preflop","xxrkamlcpwgclbnmifvxij","15","0.0","2000","","","","","","","","","","","","","","","","","","","","","","","","","","","","","","","","","","","","","","","","","","","","","","","","","","","","","","","","","","","","","","","","","","","","","","","","","","","","","","","","","","","","","","","","","","","","","","","","","",""
"","flop","22945500","140","1070","1","","","C5,S5","[{'name': 'GTO_Player1', 'uuid': 'pabfziozwaubptccbleqgw', 'stack': 990, 'state': 'participating'}, {'name': 'GTO_Player2', 'uuid': 'iolxydtkzkfqfzshnoaipd', 'stack': 995, 'state': 'participating'}]","1000","GTO_Player1","120","1","preflop","pabfziozwaubptccbleqgw","0.55","1","raise","30","preflop","iolxydtkzkfqfzshnoaipd","40","66.66666666666666","2246","raise","50","preflop","pabfziozwaubptccbleqgw","80","52.63157894736842","22715","raise","70","preflop","iolxydtkzkfqfzshnoaipd","120","42.42424242424242","229414","call","70","preflop","pabfziozwaubptccbleqgw","140","0.0","2294300","fold","0","flop","iolxydtkzkfqfzshnoaipd","140","0.0","22945500","","","","","","","","","","","","","","","","","","","","","","","","","","","","","","","","","","","","","","","","","","","","","","","","","","","","","","","","","","","","","","","","","","","","","",""
"","preflop","2000","15","1005","1","","","","[{'name': 'GTO_Player1', 'uuid': 'edrmdnxomupctimpcjkaby', 'stack': 990, 'state': 'participating'}, {'name': 'GTO_Player2', 'uuid': 'fjgjbkiyrowreuwttzetom', 'stack': 995, 'state': 'participating'}]","1000","GTO_Player1","","1","","edrmdnxomupctimpcjkaby","","1","fold","0","preflop","fjgjbkiyrowreuwttzetom","15","0.0","2000","","","","","","","","","","","","","","","","","","","","","","","","","","","","","","","","","","","","","","","","","","","","","","","","","","","","","","","","","","","","","","","","","","","","","","","","","","","","","","","","","","","","","","","","","","","","","","","","","",""
"","preflop","2000","15","1005","1","","","","[{'name': 'GTO_Player1', 'uuid': 'pxqcxpbshqzlgajuzcctcg', 'stack': 990, 'state': 'participating'}, {'name': 'GTO_Player2', 'uuid': 'rlfwzotmwqpejnxmntoadr', 'stack': 995, 'state': 'participating'}]","1000","GTO_Player1","","1","","pxqcxpbshqzlgajuzcctcg","","1","fold","0","preflop","rlfwzotmwqpejnxmntoadr","15","0.0","2000","","","","","","","","","","","","","","","","","","","","","","","","","","","","","","","","","","","","","","","","","","","","","","","","","","","","","","","","","","","","","","","","","","","","","","","","","","","","","","","","","","","","","","","","","","","","","","","","","",""
"","preflop","2000","15","1005","1","","","","[{'name': 'GTO_Player1', 'uuid': 'sswherjbysnrjwchcqsmcm', 'stack': 990, 'state': 'participating'}, {'name': 'GTO_Player2', 'uuid': 'skglxymnvilfgwyofjiykv', 'stack': 995, 'state': 'participating'}]","1000","GTO_Player1","","1","","sswherjbysnrjwchcqsmcm","","1","fold","0","preflop","skglxymnvilfgwyofjiykv","15","0.0","2000","","","","","","","","","","","","","","","","","","","","","","","","","","","","","","","","","","","","","","","","","","","","","","","","","","","","","","","","","","","","","","","","","","","","","","","","","","","","","","","","","","","","","","","","","","","","","","","","","",""
"","preflop","21300","20","990","1","","","C6,H3","[{'name': 'GTO_Player1', 'uuid': 'aclbunxmwvfishpjgopaft', 'stack': 990, 'state': 'participating'}, {'name': 'GTO_Player2', 'uuid': 'algxbcnrnagvcmpbjzqqzl', 'stack': 995, 'state': 'participating'}]","1000","GTO_Player1","20","1","preflop","aclbunxmwvfishpjgopaft","0.34","0","call","10","preflop","algxbcnrnagvcmpbjzqqzl","20","0.0","2130","fold","0","preflop","aclbunxmwvfishpjgopaft","20","0.0","21300","","","","","","","","","","","","","","","","","","","","","","","","","","","","","","","","","","","","","","","","","","","","","","","","","","","","","","","","","","","","","","","","","","","","","","","","","","","","","","","","","","","","","","","","","","",""
"","preflop","2000","15","1005","1","","","","[{'name': 'GTO_Player1', 'uuid': 'vktewmfrxgutjouxwyeloy', 'stack': 990, 'state': 'participating'}, {'name': 'GTO_Player2', 'uuid': 'fdbdtguziygayrlfmhpyke', 'stack': 995, 'state': 'participating'}]","1000","GTO_Player1","","1","","vktewmfrxgutjouxwyeloy","","1","fold","0","preflop","fdbdtguziygayrlfmhpyke","15","0.0","2000","","","","","","","","","","","","","","","","","","","","","","","","","","","","","","","","","","","","","","","","","","","","","","","","","","","","","","","","","","","","","","","","","","","","","","","","","","","","","","","","","","","","","","","","","","","","","","","","","",""
"","flop","2178400","40","1020","1","","","HQ,C5","[{'name': 'GTO_Player1', 'uuid': 'jwnvvllbhqvytlzcmkdyay', 'stack': 990, 'state': 'participating'}, {'name': 'GTO_Player2', 'uuid': 'hueueixhtkmwretxgvjxjf', 'stack': 995, 'state': 'participating'}]","1000","GTO_Player1","20","1","preflop","jwnvvllbhqvytlzcmkdyay","0.54","1","call","10","preflop","hueueixhtkmwretxgvjxjf","20","0.0","2130","raise","20","preflop","jwnvvllbhqvytlzcmkdyay","30","57.14285714285714","21545","call","20","preflop","hueueixhtkmwretxgvjxjf","40","0.0","217590","fold","0","flop","hueueixhtkmwretxgvjxjf","40","0.0","2178400","","","","","","","","","","","","","","","","","","","","","","","","","","","","","","","","","","","","","","","","","","","","","","","","","","","","","","","","","","","","","","","","","","","","","","","","","","","","",""
"","flop","228500","60","1030","1","","","S3,DK","[{'name': 'GTO_Player1', 'uuid': 'ibxmdkmpebpzraweiasmwn', 'stack': 990, 'state': 'participating'}, {'name': 'GTO_Player2', 'uuid': 'vhchdkhrcinwfzqwwqgvuj', 'stack': 995, 'state': 'participating'}]","1000","GTO_Player1","40","1","preflop","ibxmdkmpebpzraweiasmwn","0.47","1","raise","30","preflop","vhchdkhrcinwfzqwwqgvuj","40","66.66666666666666","2246","call","30","preflop","ibxmdkmpebpzraweiasmwn","60","0.0","22600","fold","0","flop","vhchdkhrcinwfzqwwqgvuj","60","0.0","228500","","","","","","","","","","","","","","","","","","","","","","","","","","","","","","","","","","","","","","","","","","","","","","","","","","","","","","","","","","","","","","","","","","","","","","","","","","","","","","","","","","","",""
"","preflop","2000","15","1005","1","","","","[{'name': 'GTO_Player1', 'uuid': 'yeykoddcucpbmgpzeelvtc', 'stack': 990, 'state': 'participating'}, {'name': 'GTO_Player2', 'uuid': 'ytrjgwunqrhsluzhcyqakj', 'stack': 995, 'state': 'participating'}]","1000","GTO_Player1","","1","","yeykoddcucpbmgpzeelvtc","","1","fold","0","preflop","ytrjgwunqrhsluzhcyqakj","15","0.0","2000","","","","","","","","","","","","","","","","","","","","","","","","","","","","","","","","","","","","","","","","","","","","","","","","","","","","","","","","","","","","","","","","","","","","","","","","","","","","","","","","","","","","","","","","","","","","","","","","","",""
"","preflop","2000","15","1005","1","","","","[{'name': 'GTO_Player1', 'uuid': 'wkwvqyzckesnxlygadkvgt', 'stack': 990, 'state': 'participating'}, {'name': 'GTO_Player2', 'uuid': 'lopkgkfybomwgyoyuuskov', 'stack': 995, 'state': 'participating'}]","1000","GTO_Player1","","1","","wkwvqyzckesnxlygadkvgt","","1","fold","0","preflop","lopkgkfybomwgyoyuuskov","15","0.0","2000","","","","","","","","","","","","","","","","","","","","","","","","","","","","","","","","","","","","","","","","","","","","","","","","","","","","","","","","","","","","","","","","","","","","","","","","","","","","","","","","","","","","","","","","","","","","","","","","","",""
"","preflop","2000","15","1005","1","","","","[{'name': 'GTO_Player1', 'uuid': 'bwgzrurklmsxpagegrthxa', 'stack': 990, 'state': 'participating'}, {'name': 'GTO_Player2', 'uuid': 'zmxbxgxmegoaubfxalhlyx', 'stack': 995, 'state': 'participating'}]","1000","GTO_Player1","","1","","bwgzrurklmsxpagegrthxa","","1","fold","0","preflop","zmxbxgxmegoaubfxalhlyx","15","0.0","2000","","","","","","","","","","","","","","","","","","","","","","","","","","","","","","","","","","","","","","","","","","","","","","","","","","","","","","","","","","","","","","","","","","","","","","","","","","","","","","","","","","","","","","","","","","","","","","","","","",""
"","preflop","2000","15","1005","1","","","","[{'name': 'GTO_Player1', 'uuid': 'zztrcagnxivhkrywqyczqc', 'stack': 990, 'state': 'participating'}, {'name': 'GTO_Player2', 'uuid': 'asafoiyjgkmfeqhcqhpvxz', 'stack': 995, 'state': 'participating'}]","1000","GTO_Player1","","1","","zztrcagnxivhkrywqyczqc","","1","fold","0","preflop","asafoiyjgkmfeqhcqhpvxz","15","0.0","2000","","","","","","","","","","","","","","","","","","","","","","","","","","","","","","","","","","","","","","","","","","","","","","","","","","","","","","","","","","","","","","","","","","","","","","","","","","","","","","","","","","","","","","","","","","","","","","","","","",""
"","preflop","2000","15","1005","1","","","","[{'name': 'GTO_Player1', 'uuid': 'ifrhofxbsiebsaaopeabxo', 'stack': 990, 'state': 'participating'}, {'name': 'GTO_Player2', 'uuid': 'ydqdrcoslynyxejhubyhwf', 'stack': 995, 'state': 'participating'}]","1000","GTO_Player1","","1","","ifrhofxbsiebsaaopeabxo","","1","fold","0","preflop","ydqdrcoslynyxejhubyhwf","15","0.0","2000","","","","","","","","","","","","","","","","","","","","","","","","","","","","","","","","","","","","","","","","","","","","","","","","","","","","","","","","","","","","","","","","","","","","","","","","","","","","","","","","","","","","","","","","","","","","","","","","","",""
"","preflop","2000","15","1005","1","","","","[{'name': 'GTO_Player1', 'uuid': 'ctkkejoxyzeddkbacxwgbq', 'stack': 990, 'state': 'participating'}, {'name': 'GTO_Player2', 'uuid': 'csgncicbojyxhckgcexfqb', 'stack': 995, 'state': 'participating'}]","1000","GTO_Player1","","1","","ctkkejoxyzeddkbacxwgbq","","1","fold","0","preflop","csgncicbojyxhckgcexfqb","15","0.0","2000","","","","","","","","","","","","","","","","","","","","","","","","","","","","","","","","","","","","","","","","","","","","","","","","","","","","","","","","","","","","","","","","","","","","","","","","","","","","","","","","","","","","","","","","","","","","","","","","","",""
"","flop","228500","60","1030","1","","","HT,C6","[{'name': 'GTO_Player1', 'uuid': 'baoftqxriqelvfzlmfzbje', 'stack': 990, 'state': 'participating'}, {'name': 'GTO_Player2', 'uuid': 'ywrmdtralymndkzzxvokkl', 'stack': 995, 'state': 'participating'}]","1000","GTO_Player1","40","1","preflop","baoftqxriqelvfzlmfzbje","0.49","1","raise","30","preflop","ywrmdtralymndkzzxvokkl","40","66.66666666666666","2246","call","30","preflop","baoftqxriqelvfzlmfzbje","60","0.0","22600","fold","0","flop","ywrmdtralymndkzzxvokkl","60","0.0","228500","","","","","","","","","","","","","","","","","","","","","","","","","","","","","","","","","","","","","","","","","","","","","","","","","","","","","","","","","","","","","","","","","","","","","","","","","","","","","","","","","","","",""
"","preflop","22460","40","990","1","","","H2,S4","[{'name': 'GTO_Player1', 'uuid': 'nyyjkbrxsdozgzkzttfqry', 'stack': 990, 'state': 'participating'}, {'name': 'GTO_Player2', 'uuid': 'nywqdoltzxrpubrhninqze', 'stack': 995, 'state': 'participating'}]","1000","GTO_Player1","40","1","preflop","nyyjkbrxsdozgzkzttfqry","0.27","0","raise","30","preflop","nywqdoltzxrpubrhninqze","40","66.66666666666666","2246","fold","0","preflop","nyyjkbrxsdozgzkzttfqry","40","0.0","22460","","","","","","","","","","","","","","","","","","","","","","","","","","","","","","","","","","","","","","","","","","","","","","","","","","","","","","","","","","","","","","","","","","","","","","","","","","","","","","","","","","","","","","","","","","",""
"HA,C9,HJ","flop","2170990","40","990","1","","","DK,S3","[{'name': 'GTO_Player1', 'uuid': 'mdbqorxurtqmcqjkssewyk', 'stack': 990, 'state': 'participating'}, {'name': 'GTO_Player2', 'uuid': 'dwtjeuzxgrbneujpwkyyfh', 'stack': 995, 'state': 'participating'}]","1000","GTO_Player1","40","1","flop","mdbqorxurtqmcqjkssewyk","0.5","0","call","10","preflop","dwtjeuzxgrbneujpwkyyfh","20","0.0","2130","call","10","preflop","mdbqorxurtqmcqjkssewyk","20","0.0","21430","raise","20","flop","dwtjeuzxgrbneujpwkyyfh","40","100.0","217049","fold","0","flop","mdbqorxurtqmcqjkssewyk","40","0.0","2170990","","","","","","","","","","","","","","","","","","","","","","","","","","","","","","","","","","","","","","","","","","","","","","","","","","","","","","","","","","","","","","","","","","","","","","","","","","","","",""
"","preflop","2000","15","1005","1","","","","[{'name': 'GTO_Player1', 'uuid': 'nlgcyfsguryrvdjsmsexhh', 'stack': 990, 'state': 'participating'}, {'name': 'GTO_Player2', 'uuid': 'hftnykkjdxyajjqeyhtveq', 'stack': 995, 'state': 'participating'}]","1000","GTO_Player1","","1","","nlgcyfsguryrvdjsmsexhh","","1","fold","0","preflop","hftnykkjdxyajjqeyhtveq","15","0.0","2000","","","","","","","","","","","","","","","","","","","","","","","","","","","","","","","","","","","","","","","","","","","","","","","","","","","","","","","","","","","","","","","","","","","","","","","","","","","","","","","","","","","","","","","","","","","","","","","","","",""
"","preflop","2000","15","1005","1","","","","[{'name': 'GTO_Player1', 'uuid': 'mbbpzscnxuenbrrprozmbz', 'stack': 990, 'state': 'participating'}, {'name': 'GTO_Player2', 'uuid': 'wvdvrqlzbcoznnmhjrswtt', 'stack': 995, 'state': 'participating'}]","1000","GTO_Player1","","1","","mbbpzscnxuenbrrprozmbz","","1","fold","0","preflop","wvdvrqlzbcoznnmhjrswtt","15","0.0","2000","","","","","","","","","","","","","","","","","","","","","","","","","","","","","","","","","","","","","","","","","","","","","","","","","","","","","","","","","","","","","","","","","","","","","","","","","","","","","","","","","","","","","","","","","","","","","","","","","",""
"","preflop","2000","15","1005","1","","","","[{'name': 'GTO_Player1', 'uuid': 'xubzwbttqsyajvybkupgve', 'stack': 990, 'state': 'participating'}, {'name': 'GTO_Player2', 'uuid': 'aghjdbgnaljlkdacapaiso', 'stack': 995, 'state': 'participating'}]","1000","GTO_Player1","","1","","xubzwbttqsyajvybkupgve","","1","fold","0","preflop","aghjdbgnaljlkdacapaiso","15","0.0","2000","","","","","","","","","","","","","","","","","","","","","","","","","","","","","","","","","","","","","","","","","","","","","","","","","","","","","","","","","","","","","","","","","","","","","","","","","","","","","","","","","","","","","","","","","","","","","","","","","",""
"","flop","228500","60","1030","1","","","CK,H3","[{'name': 'GTO_Player1', 'uuid': 'abuvivrwzzzsouixfxmqyv', 'stack': 990, 'state': 'participating'}, {'name': 'GTO_Player2', 'uuid': 'pthdvydpebvcxjjqunyyyj', 'stack': 995, 'state': 'participating'}]","1000","GTO_Player1","40","1","preflop","abuvivrwzzzsouixfxmqyv","0.63","1","raise","30","preflop","pthdvydpebvcxjjqunyyyj","40","66.66666666666666","2246","call","30","preflop","abuvivrwzzzsouixfxmqyv","60","0.0","22600","fold","0","flop","pthdvydpebvcxjjqunyyyj","60","0.0","228500","","","","","","","","","","","","","","","","","","","","","","","","","","","","","","","","","","","","","","","","","","","","","","","","","","","","","","","","","","","","","","","","","","","","","","","","","","","","","","","","","","","",""
"","flop","216800","20","1010","1","","","CQ,H2","[{'name': 'GTO_Player1', 'uuid': 'ngieqbpntfgwbczedywnyr', 'stack': 990, 'state': 'participating'}, {'name': 'GTO_Player2', 'uuid': 'llcosryfskvshfpsuupxpr', 'stack': 995, 'state': 'participating'}]","1000","GTO_Player1","20","1","preflop","ngieqbpntfgwbczedywnyr","0.51","1","call","10","preflop","llcosryfskvshfpsuupxpr","20","0.0","2130","call","10","preflop","ngieqbpntfgwbczedywnyr","20","0.0","21430","fold","0","flop","llcosryfskvshfpsuupxpr","20","0.0","216800","","","","","","","","","","","","","","","","","","","","","","","","","","","","","","","","","","","","","","","","","","","","","","","","","","","","","","","","","","","","","","","","","","","","","","","","","","","","","","","","","","","",""
"","preflop","22460","40","990","1","","","H5,H3","[{'name': 'GTO_Player1', 'uuid': 'ykhcrohsfviufbemvmhxln', 'stack': 990, 'state': 'participating'}, {'name': 'GTO_Player2', 'uuid': 'glwotjhmcedohrvrvakjtc', 'stack': 995, 'state': 'participating'}]","1000","GTO_Player1","40","1","preflop","ykhcrohsfviufbemvmhxln","0.34","0","raise","30","preflop","glwotjhmcedohrvrvakjtc","40","66.66666666666666","2246","fold","0","preflop","ykhcrohsfviufbemvmhxln","40","0.0","22460","","","","","","","","","","","","","","","","","","","","","","","","","","","","","","","","","","","","","","","","","","","","","","","","","","","","","","","","","","","","","","","","","","","","","","","","","","","","","","","","","","","","","","","","","","",""
"","preflop","2000","15","1005","1","","","","[{'name': 'GTO_Player1', 'uuid': 'uquyltfgupgvebuadbxvpi', 'stack': 990, 'state': 'participating'}, {'name': 'GTO_Player2', 'uuid': 'mtebhvdtwbagsfkiyfgsro', 'stack': 995, 'state': 'participating'}]","1000","GTO_Player1","","1","","uquyltfgupgvebuadbxvpi","","1","fold","0","preflop","mtebhvdtwbagsfkiyfgsro","15","0.0","2000","","","","","","","","","","","","","","","","","","","","","","","","","","","","","","","","","","","","","","","","","","","","","","","","","","","","","","","","","","","","","","","","","","","","","","","","","","","","","","","","","","","","","","","","","","","","","","","","","",""
"","preflop","2000","15","1005","1","","","","[{'name': 'GTO_Player1', 'uuid': 'vgqqeibxtmuulcesowhcrb', 'stack': 990, 'state': 'participating'}, {'name': 'GTO_Player2', 'uuid': 'txdskouenoqrnkbmcsoiwd', 'stack': 995, 'state': 'participating'}]","1000","GTO_Player1","","1","","vgqqeibxtmuulcesowhcrb","","1","fold","0","preflop","txdskouenoqrnkbmcsoiwd","15","0.0","2000","","","","","","","","","","","","","","","","","","","","","","","","","","","","","","","","","","","","","","","","","","","","","","","","","","","","","","","","","","","","","","","","","","","","","","","","","","","","","","","","","","","","","","","","","","","","","","","","","",""
"H3,H6,CQ,C7,DQ","river","504377250260","2000","0","1","","","HK,DA","[{'name': 'GTO_Player1', 'uuid': 'kzdgqrlyzlxwnbtodgaqtt', 'stack': 990, 'state': 'participating'}, {'name': 'GTO_Player2', 'uuid': 'xxgvsoanrponuqtsvsfjpy', 'stack': 995, 'state': 'participating'}]","1000","GTO_Player1","1928","1","river","kzdgqrlyzlxwnbtodgaqtt","0.38","0","raise","30","preflop","xxgvsoanrponuqtsvsfjpy","40","66.66666666666666","2246","raise","50","preflop","kzdgqrlyzlxwnbtodgaqtt","80","52.63157894736842","22715","raise","70","preflop","xxgvsoanrponuqtsvsfjpy","120","42.42424242424242","229414","raise","90","preflop","kzdgqrlyzlxwnbtodgaqtt","160","35.294117647058826","2294403","raise","110","preflop","xxgvsoanrponuqtsvsfjpy","200","30.136986301369863","22946293","raise","130","preflop","kzdgqrlyzlxwnbtodgaqtt","240","26.262626262626267","229463202","raise","150","preflop","xxgvsoanrponuqtsvsfjpy","280","23.25581395348837","2294634292","raise","170","preflop","kzdgqrlyzlxwnbtodgaqtt","320","20.858895705521473","22946343192","call","170","preflop","xxgvsoanrponuqtsvsfjpy","340","0.0","229463434090","raise","227","flop","xxgvsoanrponuqtsvsfjpy","567","18.9640768588137","2294634343671","call","227","flop","kzdgqrlyzlxwnbtodgaqtt","794","0.0","486343437380","raise","531","turn","xxgvsoanrponuqtsvsfjpy","1325","27.161125319693095","2313434377092","call","531","turn","kzdgqrlyzlxwnbtodgaqtt","1856","0.0","494343772110","raise","72","river","xxgvsoanrponuqtsvsfjpy","1928","2.8146989835809224","2313437724860","call","72","river","kzdgqrlyzlxwnbtodgaqtt","2000","0.0","504377250260"
"SK,H6,H2","flop","2288040","100","970","1","","","C9,DQ","[{'name': 'GTO_Player1', 'uuid': 'ymthplswktligfuhaxllfn', 'stack': 990, 'state': 'participating'}, {'name': 'GTO_Player2', 'uuid': 'jhozklkqvjgkkcfdplhzzf', 'stack': 995, 'state': 'participating'}]","1000","GTO_Player1","100","1","flop","ymthplswktligfuhaxllfn","0.37","0","raise","30","preflop","jhozklkqvjgkkcfdplhzzf","40","66.66666666666666","2246","call","30","preflop","ymthplswktligfuhaxllfn","60","0.0","22600","raise","40","flop","jhozklkqvjgkkcfdplhzzf","100","40.0","228754","fold","0","flop","ymthplswktligfuhaxllfn","100","0.0","2288040","","","","","","","","","","","","","","","","","","","","","","","","","","","","","","","","","","","","","","","","","","","","","","","","","","","","","","","","","","","","","","","","","","","","","","","","","","","","",""
"HK,DQ,SJ,D2","turn","22886026230","1080","730","1","","","D7,DA","[{'name': 'GTO_Player1', 'uuid': 'lvopiyekedbakuhanumdds', 'stack': 990, 'state': 'participating'}, {'name': 'GTO_Player2', 'uuid': 'nptdzmdzmvpvmelsxdzbic', 'stack': 995, 'state': 'participating'}]","1000","GTO_Player1","1080","1","turn","lvopiyekedbakuhanumdds","0.49","0","raise","30","preflop","nptdzmdzmvpvmelsxdzbic","40","66.66666666666666","2246","call","30","preflop","lvopiyekedbakuhanumdds","60","0.0","22600","raise","60","flop","nptdzmdzmvpvmelsxdzbic","120","50.0","228755","raise","120","flop","lvopiyekedbakuhanumdds","240","50.0","2288315","raise","240","flop","nptdzmdzmvpvmelsxdzbic","420","50.0","22885925","call","240","flop","lvopiyekedbakuhanumdds","540","0.0","228859920","raise","540","turn","nptdzmdzmvpvmelsxdzbic","1080","42.857142857142854","2288602494","raise","-1","turn","lvopiyekedbakuhanumdds","1080","0.0","22886026230","","","","","","","","","","","","","","","","","","","","","","","","","","","","","","","","","","","","","","","","","","","","","","","","",""
"","preflop","22460","40","990","1","","","H3,C6","[{'name': 'GTO_Player1', 'uuid': 'wmflvcapwoenxhrxeggajt', 'stack': 990, 'state': 'participating'}, {'name': 'GTO_Player2', 'uuid': 'gdnzyvqfioipdrxvsacxoa', 'stack': 995, 'state': 'participating'}]","1000","GTO_Player1","40","1","preflop","wmflvcapwoenxhrxeggajt","0.35","0","raise","30","preflop","gdnzyvqfioipdrxvsacxoa","40","66.66666666666666","2246","fold","0","preflop","wmflvcapwoenxhrxeggajt","40","0.0","22460","","","","","","","","","","","","","","","","","","","","","","","","","","","","","","","","","","","","","","","","","","","","","","","","","","","","","","","","","","","","","","","","","","","","","","","","","","","","","","","","","","","","","","","","","","",""
"HA,CJ,C3,CK,D6","river","2859080328510","1562","219","1","","","H4,C4","[{'name': 'GTO_Player1', 'uuid': 'payrcymqixnjnzhylhecdj', 'stack': 990, 'state': 'participating'}, {'name': 'GTO_Player2', 'uuid': 'jekkyxbyaxnbaahwykpdhw', 'stack': 995, 'state': 'participating'}]","1000","GTO_Player1","1115","1","river","payrcymqixnjnzhylhecdj","0.41","0","call","10","preflop","jekkyxbyaxnbaahwykpdhw","20","0.0","2130","call","10","preflop","payrcymqixnjnzhylhecdj","20","0.0","21430","raise","13","flop","jekkyxbyaxnbaahwykpdhw","33","100.0","217039","raise","26","flop","payrcymqixnjnzhylhecdj","59","66.66666666666666","2171136","raise","39","flop","jekkyxbyaxnbaahwykpdhw","85","50.0","21714115","raise","56","flop","payrcymqixnjnzhylhecdj","115","41.7910447761194","217141904","raise","77","flop","jekkyxbyaxnbaahwykpdhw","153","36.492890995260666","2171421803","raise","102","flop","payrcymqixnjnzhylhecdj","199","32.587859424920126","21714218793","raise","133","flop","jekkyxbyaxnbaahwykpdhw","255","29.82062780269058","217142190702","call","133","flop","payrcymqixnjnzhylhecdj","286","0.0","2171421907690","raise","191","turn","jekkyxbyaxnbaahwykpdhw","477","24.805194805194805","414219080172","call","191","turn","payrcymqixnjnzhylhecdj","668","0.0","2842190802890","raise","447","river","jekkyxbyaxnbaahwykpdhw","1115","31.74715909090909","1031908032683","call","447","river","payrcymqixnjnzhylhecdj","1562","0.0","2859080328510","","","","","","",""
"","preflop","2000","15","1005","1","","","","[{'name': 'GTO_Player1', 'uuid': 'hhgktejyfxabfahmgdukhm', 'stack': 990, 'state': 'participating'}, {'name': 'GTO_Player2', 'uuid': 'nrprehafskchzofgoqureg', 'stack': 995, 'state': 'participating'}]","1000","GTO_Player1","","1","","hhgktejyfxabfahmgdukhm","","1","fold","0","preflop","nrprehafskchzofgoqureg","15","0.0","2000","","","","","","","","","","","","","","","","","","","","","","","","","","","","","","","","","","","","","","","","","","","","","","","","","","","","","","","","","","","","","","","","","","","","","","","","","","","","","","","","","","","","","","","","","","","","","","","","","",""
"","preflop","21300","20","990","1","","","C5,S7","[{'name': 'GTO_Player1', 'uuid': 'jqkwfwcpyopigczsvpeokm', 'stack': 990, 'state': 'participating'}, {'name': 'GTO_Player2', 'uuid': 'bhtmfmocjjhurdoiqufurz', 'stack': 995, 'state': 'participating'}]","1000","GTO_Player1","20","1","preflop","jqkwfwcpyopigczsvpeokm","0.37","0","call","10","preflop","bhtmfmocjjhurdoiqufurz","20","0.0","2130","fold","0","preflop","jqkwfwcpyopigczsvpeokm","20","0.0","21300","","","","","","","","","","","","","","","","","","","","","","","","","","","","","","","","","","","","","","","","","","","","","","","","","","","","","","","","","","","","","","","","","","","","","","","","","","","","","","","","","","","","","","","","","","",""
"","preflop","2000","15","1005","1","","","","[{'name': 'GTO_Player1', 'uuid': 'yioyyvteskbvgoknofmxtc', 'stack': 990, 'state': 'participating'}, {'name': 'GTO_Player2', 'uuid': 'riijeugndtpcpyjwqdazud', 'stack': 995, 'state': 'participating'}]","1000","GTO_Player1","","1","","yioyyvteskbvgoknofmxtc","","1","fold","0","preflop","riijeugndtpcpyjwqdazud","15","0.0","2000","","","","","","","","","","","","","","","","","","","","","","","","","","","","","","","","","","","","","","","","","","","","","","","","","","","","","","","","","","","","","","","","","","","","","","","","","","","","","","","","","","","","","","","","","","","","","","","","","",""
"","preflop","21300","20","990","1","","","D3,D5","[{'name': 'GTO_Player1', 'uuid': 'otcqwzxerwzvqeqthofwal', 'stack': 990, 'state': 'participating'}, {'name': 'GTO_Player2', 'uuid': 'nikojyvxogrvcnmarjtnar', 'stack': 995, 'state': 'participating'}]","1000","GTO_Player1","20","1","preflop","otcqwzxerwzvqeqthofwal","0.42","0","call","10","preflop","nikojyvxogrvcnmarjtnar","20","0.0","2130","fold","0","preflop","otcqwzxerwzvqeqthofwal","20","0.0","21300","","","","","","","","","","","","","","","","","","","","","","","","","","","","","","","","","","","","","","","","","","","","","","","","","","","","","","","","","","","","","","","","","","","","","","","","","","","","","","","","","","","","","","","","","","",""
"","flop","216800","20","1010","1","","","S9,HJ","[{'name': 'GTO_Player1', 'uuid': 'jtkzfknbrcxbnylukqqstd', 'stack': 990, 'state': 'participating'}, {'name': 'GTO_Player2', 'uuid': 'igqkxsafzuxctbsgpmuwgq', 'stack': 995, 'state': 'participating'}]","1000","GTO_Player1","20","1","preflop","jtkzfknbrcxbnylukqqstd","0.53","1","call","10","preflop","igqkxsafzuxctbsgpmuwgq","20","0.0","2130","call","10","preflop","jtkzfknbrcxbnylukqqstd","20","0.0","21430","fold","0","flop","igqkxsafzuxctbsgpmuwgq","20","0.0","216800","","","","","","","","","","","","","","","","","","","","","","","","","","","","","","","","","","","","","","","","","","","","","","","","","","","","","","","","","","","","","","","","","","","","","","","","","","","","","","","","","","","",""
"","preflop","2000","15","1005","1","","","","[{'name': 'GTO_Player1', 'uuid': 'oyygkxnngjkhejiujanqbk', 'stack': 990, 'state': 'participating'}, {'name': 'GTO_Player2', 'uuid': 'chegrgcbhbekjzhmvlpryy', 'stack': 995, 'state': 'participating'}]","1000","GTO_Player1","","1","","oyygkxnngjkhejiujanqbk","","1","fold","0","preflop","chegrgcbhbekjzhmvlpryy","15","0.0","2000","","","","","","","","","","","","","","","","","","","","","","","","","","","","","","","","","","","","","","","","","","","","","","","","","","","","","","","","","","","","","","","","","","","","","","","","","","","","","","","","","","","","","","","","","","","","","","","","","",""
"CK,S8,S2","turn","2288590000","300","1150","1","","","S3,D3","[{'name': 'GTO_Player1', 'uuid': 'joaizixszvjzlhmeacsxxr', 'stack': 990, 'state': 'participating'}, {'name': 'GTO_Player2', 'uuid': 'wymriszsxhiufoizzyxmfs', 'stack': 995, 'state': 'participating'}]","1000","GTO_Player1","260","1","flop","joaizixszvjzlhmeacsxxr","0.49","1","raise","30","preflop","wymriszsxhiufoizzyxmfs","40","66.66666666666666","2246","call","30","preflop","joaizixszvjzlhmeacsxxr","60","0.0","22600","raise","40","flop","wymriszsxhiufoizzyxmfs","100","40.0","228754","raise","80","flop","joaizixszvjzlhmeacsxxr","180","44.44444444444444","2288304","raise","120","flop","wymriszsxhiufoizzyxmfs","260","40.0","22885804","call","120","flop","joaizixszvjzlhmeacsxxr","300","0.0","228858700","fold","0","turn","wymriszsxhiufoizzyxmfs","300","0.0","2288590000","","","","","","","","","","","","","","","","","","","","","","","","","","","","","","","","","","","","","","","","","","","","","","","","","","","","","","","",""
"S7,C6,C5","turn","21713200","46","1023","1","","","CT,S9","[{'name': 'GTO_Player1', 'uuid': 'cquxtcbntlteedxovrlras', 'stack': 990, 'state': 'participating'}, {'name': 'GTO_Player2', 'uuid': 'vgnuogowxvxnbkvyccfutt', 'stack': 995, 'state': 'participating'}]","1000","GTO_Player1","33","1","flop","cquxtcbntlteedxovrlras","0.38","1","call","10","preflop","vgnuogowxvxnbkvyccfutt","20","0.0","2130","call","10","preflop","cquxtcbntlteedxovrlras","20","0.0","21430","raise","13","flop","vgnuogowxvxnbkvyccfutt","33","100.0","217039","call","13","flop","cquxtcbntlteedxovrlras","46","0.0","2171020","fold","0","turn","vgnuogowxvxnbkvyccfutt","46","0.0","21713200","","","","","","","","","","","","","","","","","","","","","","","","","","","","","","","","","","","","","","","","","","","","","","","","","","","","","","","","","","","","","","","","","","","","","",""
"HT,S2,D8","flop","1032030202020","1514","1616","1","","","S8,CQ","[{'name': 'GTO_Player1', 'uuid': 'ajrxcgmorkwzcsxshtanxt', 'stack': 990, 'state': 'participating'}, {'name': 'GTO_Player2', 'uuid': 'dsjtkxzvitksdtpnomnnjp', 'stack': 995, 'state': 'participating'}]","1000","GTO_Player1","950","1","flop","ajrxcgmorkwzcsxshtanxt","0.69","1","call","10","preflop","dsjtkxzvitksdtpnomnnjp","20","0.0","2130","call","10","preflop","ajrxcgmorkwzcsxshtanxt","20","0.0","21430","raise","13","flop","dsjtkxzvitksdtpnomnnjp","33","100.0","217039","raise","26","flop","ajrxcgmorkwzcsxshtanxt","59","66.66666666666666","2171136","raise","39","flop","dsjtkxzvitksdtpnomnnjp","85","50.0","21714115","raise","85","flop","ajrxcgmorkwzcsxshtanxt","144","52.14723926380368","217141915","raise","144","flop","dsjtkxzvitksdtpnomnnjp","249","46.90553745928339","2171421924","raise","203","flop","ajrxcgmorkwzcsxshtanxt","367","39.80392156862745","21714220013","raise","262","flop","dsjtkxzvitksdtpnomnnjp","485","33.93782383419689","217142202913","raise","324","flop","ajrxcgmorkwzcsxshtanxt","606","29.56204379562044","2171422029912","raise","606","flop","dsjtkxzvitksdtpnomnnjp","950","35.60517038777908","414220301913","raise","888","flop","ajrxcgmorkwzcsxshtanxt","1514","34.285714285714285","2842203019923","raise","-1","flop","dsjtkxzvitksdtpnomnnjp","1514","0.0","1032030202020","","","","","","","","","","","","","",""
"","preflop","2000","15","1005","1","","","","[{'name': 'GTO_Player1', 'uuid': 'brcgyyostyakxlbwmyvkqc', 'stack': 990, 'state': 'participating'}, {'name': 'GTO_Player2', 'uuid': 'wvuhwzgqmseyugwarfetbe', 'stack': 995, 'state': 'participating'}]","1000","GTO_Player1","","1","","brcgyyostyakxlbwmyvkqc","","1","fold","0","preflop","wvuhwzgqmseyugwarfetbe","15","0.0","2000","","","","","","","","","","","","","","","","","","","","","","","","","","","","","","","","","","","","","","","","","","","","","","","","","","","","","","","","","","","","","","","","","","","","","","","","","","","","","","","","","","","","","","","","","","","","","","","","","",""
"CK,C3,DK","flop","229458804130","1540","1630","1","","","SA,S9","[{'name': 'GTO_Player1', 'uuid': 'gsurdjrigghwmghlitdvhd', 'stack': 990, 'state': 'participating'}, {'name': 'GTO_Player2', 'uuid': 'rfwwbtrwhonkzjvbylorgp', 'stack': 995, 'state': 'participating'}]","1000","GTO_Player1","980","1","flop","gsurdjrigghwmghlitdvhd","0.58","1","raise","30","preflop","rfwwbtrwhonkzjvbylorgp","40","66.66666666666666","2246","raise","50","preflop","gsurdjrigghwmghlitdvhd","80","52.63157894736842","22715","raise","70","preflop","rfwwbtrwhonkzjvbylorgp","120","42.42424242424242","229414","call","70","preflop","gsurdjrigghwmghlitdvhd","140","0.0","2294300","raise","140","flop","rfwwbtrwhonkzjvbylorgp","280","38.88888888888889","22945773","raise","280","flop","gsurdjrigghwmghlitdvhd","560","43.75","229458514","raise","560","flop","rfwwbtrwhonkzjvbylorgp","980","46.666666666666664","2294587934","raise","840","flop","gsurdjrigghwmghlitdvhd","1540","41.17647058823529","22945880134","raise","-1","flop","rfwwbtrwhonkzjvbylorgp","1540","0.0","229458804130","","","","","","","","","","","","","","","","","","","","","","","","","","","","","","","","","","","","","","","","","",""
"","preflop","2000","15","1005","1","","","","[{'name': 'GTO_Player1', 'uuid': 'jknxtcxenncsgmgckxgbtw', 'stack': 990, 'state': 'participating'}, {'name': 'GTO_Player2', 'uuid': 'yamxwpkmeahhedjwlahesw', 'stack': 995, 'state': 'participating'}]","1000","GTO_Player1","","1","","jknxtcxenncsgmgckxgbtw","","1","fold","0","preflop","yamxwpkmeahhedjwlahesw","15","0.0","2000","","","","","","","","","","","","","","","","","","","","","","","","","","","","","","","","","","","","","","","","","","","","","","","","","","","","","","","","","","","","","","","","","","","","","","","","","","","","","","","","","","","","","","","","","","","","","","","","","",""
"D8,H2,D5,C6,D3","river","2288531891840","1418","401","1","","","H7,HA","[{'name': 'GTO_Player1', 'uuid': 'ybjkaubkvuwjlmxgdhqgeh', 'stack': 990, 'state': 'participating'}, {'name': 'GTO_Player2', 'uuid': 'stzwkopsflewybqfdwqmqo', 'stack': 995, 'state': 'participating'}]","1000","GTO_Player1","1418","1","river","ybjkaubkvuwjlmxgdhqgeh","0.17","0","raise","30","preflop","stzwkopsflewybqfdwqmqo","40","66.66666666666666","2246","call","30","preflop","ybjkaubkvuwjlmxgdhqgeh","60","0.0","22600","raise","40","flop","stzwkopsflewybqfdwqmqo","100","40.0","228754","call","40","flop","ybjkaubkvuwjlmxgdhqgeh","140","0.0","2288190","raise","93","turn","stzwkopsflewybqfdwqmqo","233","39.91416309012876","22885163","call","93","turn","ybjkaubkvuwjlmxgdhqgeh","326","0.0","228852790","raise","218","river","stzwkopsflewybqfdwqmqo","544","40.07352941176471","2288531674","raise","436","river","ybjkaubkvuwjlmxgdhqgeh","980","44.48979591836735","22885318524","raise","656","river","stzwkopsflewybqfdwqmqo","1418","40.09779951100245","228853189034","fold","0","river","ybjkaubkvuwjlmxgdhqgeh","1418","0.0","2288531891840","","","","","","","","","","","","","","","","","","","","","","","","","","","","","","","","","","",""
"","preflop","21300","20","990","1","","","H7,S3","[{'name': 'GTO_Player1', 'uuid': 'gjitlmoitzzcgpklhdmmtk', 'stack': 990, 'state': 'participating'}, {'name': 'GTO_Player2', 'uuid': 'vcnofsbwduiaknheepexnz', 'stack': 995, 'state': 'participating'}]","1000","GTO_Player1","20","1","preflop","gjitlmoitzzcgpklhdmmtk","0.34","0","call","10","preflop","vcnofsbwduiaknheepexnz","20","0.0","2130","fold","0","preflop","gjitlmoitzzcgpklhdmmtk","20","0.0","21300","","","","","","","","","","","","","","","","","","","","","","","","","","","","","","","","","","","","","","","","","","","","","","","","","","","","","","","","","","","","","","","","","","","","","","","","","","","","","","","","","","","","","","","","","","",""
"","flop","2178500","60","1030","1","","","DA,SA","[{'name': 'GTO_Player1', 'uuid': 'tatdssphvsvpntfguoezkw', 'stack': 990, 'state': 'participating'}, {'name': 'GTO_Player2', 'uuid': 'ntpfuvzyyuapcudpkobpcq', 'stack': 995, 'state': 'participating'}]","1000","GTO_Player1","20","1","preflop","tatdssphvsvpntfguoezkw","0.85","1","call","10","preflop","ntpfuvzyyuapcudpkobpcq","20","0.0","2130","raise","30","preflop","tatdssphvsvpntfguoezkw","40","66.66666666666666","21546","call","30","preflop","ntpfuvzyyuapcudpkobpcq","60","0.0","217600","fold","0","flop","ntpfuvzyyuapcudpkobpcq","60","0.0","2178500","","","","","","","","","","","","","","","","","","","","","","","","","","","","","","","","","","","","","","","","","","","","","","","","","","","","","","","","","","","","","","","","","","","","","","","","","","","","",""
"","flop","2178500","60","1030","1","","","SK,HA","[{'name': 'GTO_Player1', 'uuid': 'esctyjkcnjxfazjjvkutci', 'stack': 990, 'state': 'participating'}, {'name': 'GTO_Player2', 'uuid': 'vsxaprzhlqvtdcynfdvbnh', 'stack': 995, 'state': 'participating'}]","1000","GTO_Player1","20","1","preflop","esctyjkcnjxfazjjvkutci","0.68","1","call","10","preflop","vsxaprzhlqvtdcynfdvbnh","20","0.0","2130","raise","30","preflop","esctyjkcnjxfazjjvkutci","40","66.66666666666666","21546","call","30","preflop","vsxaprzhlqvtdcynfdvbnh","60","0.0","217600","fold","0","flop","vsxaprzhlqvtdcynfdvbnh","60","0.0","2178500","","","","","","","","","","","","","","","","","","","","","","","","","","","","","","","","","","","","","","","","","","","","","","","","","","","","","","","","","","","","","","","","","","","","","","","","","","","","",""
"","preflop","2000","15","1005","1","","","","[{'name': 'GTO_Player1', 'uuid': 'uvepujraehexxogusjnlat', 'stack': 990, 'state': 'participating'}, {'name': 'GTO_Player2', 'uuid': 'qfplfnrsvtregtsoccpvhr', 'stack': 995, 'state': 'participating'}]","1000","GTO_Player1","","1","","uvepujraehexxogusjnlat","","1","fold","0","preflop","qfplfnrsvtregtsoccpvhr","15","0.0","2000","","","","","","","","","","","","","","","","","","","","","","","","","","","","","","","","","","","","","","","","","","","","","","","","","","","","","","","","","","","","","","","","","","","","","","","","","","","","","","","","","","","","","","","","","","","","","","","","","",""
"","preflop","2000","15","1005","1","","","","[{'name': 'GTO_Player1', 'uuid': 'ereavvtmdsmksmblvyggsr', 'stack': 990, 'state': 'participating'}, {'name': 'GTO_Player2', 'uuid': 'pgeaojatzrhdfyuvmoafrl', 'stack': 995, 'state': 'participating'}]","1000","GTO_Player1","","1","","ereavvtmdsmksmblvyggsr","","1","fold","0","preflop","pgeaojatzrhdfyuvmoafrl","15","0.0","2000","","","","","","","","","","","","","","","","","","","","","","","","","","","","","","","","","","","","","","","","","","","","","","","","","","","","","","","","","","","","","","","","","","","","","","","","","","","","","","","","","","","","","","","","","","","","","","","","","",""
"","preflop","21300","20","990","1","","","H5,C7","[{'name': 'GTO_Player1', 'uuid': 'njyofzbamlxwnahoavbvmd', 'stack': 990, 'state': 'participating'}, {'name': 'GTO_Player2', 'uuid': 'ejvmwczkngjptbhytoaeeg', 'stack': 995, 'state': 'participating'}]","1000","GTO_Player1","20","1","preflop","njyofzbamlxwnahoavbvmd","0.45","0","call","10","preflop","ejvmwczkngjptbhytoaeeg","20","0.0","2130","fold","0","preflop","njyofzbamlxwnahoavbvmd","20","0.0","21300","","","","","","","","","","","","","","","","","","","","","","","","","","","","","","","","","","","","","","","","","","","","","","","","","","","","","","","","","","","","","","","","","","","","","","","","","","","","","","","","","","","","","","","","","","",""
"","preflop","2000","15","1005","1","","","","[{'name': 'GTO_Player1', 'uuid': 'srnvodrmuyqeagbytbwgjy', 'stack': 990, 'state': 'participating'}, {'name': 'GTO_Player2', 'uuid': 'waupticgpuzusehsdzwhkx', 'stack': 995, 'state': 'participating'}]","1000","GTO_Player1","","1","","srnvodrmuyqeagbytbwgjy","","1","fold","0","preflop","waupticgpuzusehsdzwhkx","15","0.0","2000","","","","","","","","","","","","","","","","","","","","","","","","","","","","","","","","","","","","","","","","","","","","","","","","","","","","","","","","","","","","","","","","","","","","","","","","","","","","","","","","","","","","","","","","","","","","","","","","","",""
"","preflop","2000","15","1005","1","","","","[{'name': 'GTO_Player1', 'uuid': 'cxhmlphkvsxvrbluhdjznk', 'stack': 990, 'state': 'participating'}, {'name': 'GTO_Player2', 'uuid': 'jrpduugdtbnpvmahxiepdd', 'stack': 995, 'state': 'participating'}]","1000","GTO_Player1","","1","","cxhmlphkvsxvrbluhdjznk","","1","fold","0","preflop","jrpduugdtbnpvmahxiepdd","15","0.0","2000","","","","","","","","","","","","","","","","","","","","","","","","","","","","","","","","","","","","","","","","","","","","","","","","","","","","","","","","","","","","","","","","","","","","","","","","","","","","","","","","","","","","","","","","","","","","","","","","","",""
"","preflop","2000","15","1005","1","","","","[{'name': 'GTO_Player1', 'uuid': 'btupogumxbwpjqvibzafjo', 'stack': 990, 'state': 'participating'}, {'name': 'GTO_Player2', 'uuid': 'okjddpixyqilsglakmrovt', 'stack': 995, 'state': 'participating'}]","1000","GTO_Player1","","1","","btupogumxbwpjqvibzafjo","","1","fold","0","preflop","okjddpixyqilsglakmrovt","15","0.0","2000","","","","","","","","","","","","","","","","","","","","","","","","","","","","","","","","","","","","","","","","","","","","","","","","","","","","","","","","","","","","","","","","","","","","","","","","","","","","","","","","","","","","","","","","","","","","","","","","","",""
"","preflop","2294140","120","950","1","","","D4,S2","[{'name': 'GTO_Player1', 'uuid': 'tqdjogfrdisrygxpyunppo', 'stack': 990, 'state': 'participating'}, {'name': 'GTO_Player2', 'uuid': 'vkylvhyxtfrjlnqnrvovcj', 'stack': 995, 'state': 'participating'}]","1000","GTO_Player1","120","1","preflop","tqdjogfrdisrygxpyunppo","0.33","0","raise","30","preflop","vkylvhyxtfrjlnqnrvovcj","40","66.66666666666666","2246","raise","50","preflop","tqdjogfrdisrygxpyunppo","80","52.63157894736842","22715","raise","70","preflop","vkylvhyxtfrjlnqnrvovcj","120","42.42424242424242","229414","fold","0","preflop","tqdjogfrdisrygxpyunppo","120","0.0","2294140","","","","","","","","","","","","","","","","","","","","","","","","","","","","","","","","","","","","","","","","","","","","","","","","","","","","","","","","","","","","","","","","","","","","","","","","","","","","",""
